{
	"credit": "Made with Blockbench",
	"texture_size": [64, 64],
	"textures": {
		"0": "item/texture",
		"particle": "item/texture"
	},
	"elements": [
		{
			"from": [6, 6, -16],
			"to": [12, 12, 32],
			"rotation": {"angle": 0, "axis": "y", "origin": [8, 8, 0]},
			"faces": {
				"north": {"uv": [3, 3, 4.5, 4.5], "texture": "#0"},
				"east": {"uv": [0, 0, 12, 1.5], "texture": "#0"},
				"south": {"uv": [3, 4.5, 4.5, 6], "texture": "#0"},
				"west": {"uv": [0, 1.5, 12, 3], "texture": "#0"},
				"up": {"uv": [1.5, 15, 0, 3], "texture": "#0"},
				"down": {"uv": [3, 3, 1.5, 15], "texture": "#0"}
			}
		}
	],
	"display": {
		"thirdperson_righthand": {
			"translation": [-0.25, -3.5, -10.75]
		},
		"thirdperson_lefthand": {
			"translation": [1.5, -3.5, -10.75]
		},
		"firstperson_righthand": {
			"translation": [0, 0, -80],
			"scale": [1, 1, 4]
		},
		"firstperson_lefthand": {
			"translation": [0, 0, -80],
			"scale": [1, 1, 4]
		},
		"gui": {
			"translation": [0, 0, -80],
			"scale": [1, 1, 4]
		},
		"fixed": {
			"translation": [0, 0, -80],
			"scale": [1, 1, 4]
		}
	}
}