{
	"credit": "Made with Blockbench",
	"textures": {
		"0": "item/oak_texture",
		"particle": "item/oak_texture"
	},
	"elements": [
		{
			"from": [0, 0, 0],
			"to": [16, 16, 16],
			"faces": {
				"north": {"uv": [0, 5.33333, 2.66667, 8], "texture": "#0"},
				"east": {"uv": [0, 2.66667, 2.66667, 5.33333], "texture": "#0"},
				"south": {"uv": [0, 0, 2.66667, 2.66667], "texture": "#0"},
				"west": {"uv": [2.66667, 0, 5.33333, 2.66667], "texture": "#0"},
				"up": {"uv": [2.66667, 2.66667, 5.33333, 5.33333], "texture": "#0"},
				"down": {"uv": [5.33333, 0, 8, 2.66667], "texture": "#0"}
			}
		}
	],
	"display": {
		"head": {
			"translation": [0, -30.425, 0],
			"scale": [1.61, 1.62, 1.61]
		},
		"fixed": {
			"rotation": [-90, 0, 0],
			"translation": [0, 0, -16],
			"scale": [2, 2, 2]
		}
	}
}